name,measurementDate,measurementTime,Latitude,Longitude,Temperature,Humidity,Pression,PM25,PM10,,
1,14/09/2021,01:56:52,0,74.45,41,46,104,50,21,,
5,23/04/2021,01:56:52,23.36,45.25,47,55,102,55,21,,
3,02/07/2021,01:56:52,45.01,45.01,47,61,104,50,11,,
1,03/11/2021,01:56:52,45.01,45.01,39,58,101,52,18,,
4,09/05/2021,01:56:52,45.01,45.01,46,55,102,54,17,,
3,09/05/2021,01:56:52,45.01,45.01,40,63,104,50,13,,
4,20/02/2021,01:56:52,45.01,45.01,53,46,105,53,22,,
4,09/07/2021,01:56:52,0,0,40,56,104,56,26,,
5,02/03/2021,01:56:52,0,0,48,55,104,52,23,,
1,22/02/2021,01:56:53,0,0,48,57,105,56,12,,
5,02/03/2021,01:56:54,0,0,43,63,101,55,30,,
3,23/06/2021,01:56:55,0,0,46,55,101,55,22,,
2,03/03/2021,01:56:56,0,0,44,54,103,50,19,,
1,01/04/2021,01:56:57,0,0,39,42,102,55,24,,
2,12/03/2021,01:56:58,0,0,49,61,104,50,26,,
4,08/01/2021,01:56:59,0,0,45,52,102,54,19,,
5,20/11/2021,01:57:00,0,0,47,56,100,54,20,,
5,17/07/2021,01:57:01,0,0,51,47,101,55,31,,
3,30/06/2021,01:57:02,0,0,53,56,103,54,21,,
2,01/06/2021,01:57:03,0,0,54,44,100,55,24,,
4,19/08/2021,01:57:04,0,0,46,49,104,52,29,,
1,27/02/2021,01:57:05,0,0,40,63,102,53,32,,
3,27/01/2021,01:57:06,0,0,46,51,103,56,12,,
1,30/04/2021,01:57:07,0,0,44,54,103,56,34,,
3,17/03/2021,01:57:08,0,0,55,54,104,55,29,,
5,14/03/2021,01:57:09,0,0,50,51,100,54,35,,
,14/11/2021,02:57:09,0,0,46,47,101,51,8,,
,12/12/2021,03:57:09,0,0,40,41,103,55,26,,
,25/11/2021,04:57:09,0,0,44,44,104,53,17,,
,19/09/2021,05:57:09,0,0,48,49,102,55,34,,
,18/07/2021,06:57:09,0,0,48,63,104,51,10,,
,20/02/2021,07:57:09,0,0,47,52,100,55,35,,
,22/01/2021,08:57:09,0,0,50,64,105,56,16,,
,13/10/2021,09:57:09,0,0,43,46,105,51,15,,
,15/03/2021,10:57:09,0,0,55,54,105,51,25,,
,26/03/2021,11:57:09,0,0,44,51,104,50,31,,
,09/04/2021,12:57:09,0,0,55,58,101,53,27,,
,11/05/2021,13:57:09,0,0,54,47,102,52,16,,
,05/10/2021,14:57:09,0,0,44,44,102,51,15,,
,15/08/2021,15:57:09,0,0,47,50,102,56,34,,
,16/02/2021,16:57:09,0,0,47,48,103,53,24,,
,23/03/2021,17:57:09,0,0,47,63,102,55,32,,
,12/08/2021,18:57:09,0,0,49,64,104,53,9,,
,13/03/2021,19:57:09,0,0,47,51,103,54,16,,
,19/04/2021,20:57:09,0,0,48,41,100,52,18,,
,19/03/2021,21:57:09,0,0,45,49,104,50,8,,
,12/02/2021,22:57:09,0,0,50,56,101,54,35,,
,20/07/2021,23:57:09,0,0,48,62,101,51,19,,
,30/11/2021,00:57:09,0,0,42,60,100,53,32,,
,15/12/2021,01:57:09,0,0,55,40,105,54,16,,
,06/07/2021,02:57:09,0,0,41,45,102,55,25,,
,15/07/2021,03:57:09,0,0,51,48,102,55,32,,
,30/06/2021,04:57:09,0,0,55,42,104,53,24,,
,01/03/2021,05:57:09,0,0,42,46,100,52,28,,
,19/10/2021,06:57:09,0,0,54,45,102,54,18,,
,07/03/2021,07:57:09,0,0,50,48,105,53,27,,
,28/11/2021,08:57:09,0,0,51,47,103,50,27,,
,30/01/2021,09:57:09,0,0,39,57,104,56,30,,
,26/06/2021,10:57:09,0,0,46,58,103,50,16,,
,10/10/2021,11:57:09,0,0,48,44,101,56,11,,
,28/11/2021,12:57:09,0,0,40,55,102,50,31,,
,15/11/2021,13:57:09,0,0,49,61,100,56,32,,
,09/09/2021,14:57:09,0,0,40,52,101,54,35,,
,03/12/2021,15:57:09,0,0,53,55,105,54,14,,
,26/01/2021,16:57:09,0,0,41,54,104,55,9,,
,18/09/2021,17:57:09,0,0,55,54,105,52,19,,
,13/01/2021,18:57:09,0,0,53,45,103,52,29,,
,26/04/2021,19:57:09,0,0,54,45,101,55,33,,
,09/03/2021,20:57:09,0,0,54,61,105,50,21,,
,20/03/2021,21:57:09,0,0,45,54,100,54,22,,
,11/09/2021,22:57:09,0,0,53,44,102,54,13,,
,22/10/2021,23:57:09,0,0,52,52,104,50,12,,
,09/06/2021,00:57:09,0,0,48,46,100,55,13,,
,08/03/2021,01:57:09,0,0,49,42,101,54,21,,
,28/01/2021,02:57:09,0,0,51,46,105,55,18,,
,08/09/2021,03:57:09,0,0,51,50,105,51,33,,
,30/01/2021,04:57:09,0,0,41,54,101,55,26,,
,12/07/2021,05:57:09,0,0,55,50,102,52,20,,
,28/08/2021,06:57:09,0,0,47,42,100,53,30,,
,28/10/2021,07:57:09,0,0,49,63,102,56,19,,
,28/08/2021,08:57:09,0,0,42,44,103,53,17,,
,06/09/2021,09:57:09,0,0,53,45,102,50,17,,
,19/11/2021,10:57:09,0,0,45,56,105,54,23,,
,11/07/2021,11:57:09,0,0,52,42,102,52,17,,
,01/06/2021,12:57:09,0,0,43,61,103,50,30,,
,17/11/2021,13:57:09,0,0,45,52,103,53,31,,
,29/09/2021,14:57:09,0,0,54,49,102,54,15,,
,22/02/2021,15:57:09,0,0,41,62,105,53,21,,
,09/01/2021,16:57:09,0,0,49,60,104,50,8,,
,21/03/2021,17:57:09,0,0,46,46,102,52,22,,
,05/03/2021,18:57:09,0,0,55,46,101,52,8,,
,02/11/2021,19:57:09,0,0,41,63,105,53,24,,
,24/01/2021,20:57:09,0,0,48,43,105,53,27,,
,01/03/2021,21:57:09,0,0,41,62,101,50,22,,
,04/12/2021,22:57:09,0,0,54,45,105,50,26,,
,11/04/2021,23:57:09,0,0,41,55,102,51,25,,
,26/11/2021,00:57:09,0,0,46,60,103,51,21,,
,01/10/2021,01:57:09,0,0,51,56,100,52,14,,
,03/09/2021,02:57:09,0,0,42,58,102,52,19,,
,14/07/2021,03:57:09,0,0,41,58,105,51,10,,
,24/05/2021,04:57:09,0,0,40,42,100,56,35,,
,05/10/2021,05:57:09,0,0,54,46,104,50,34,,
,11/01/2021,06:57:09,0,0,50,50,102,55,23,,
,02/05/2021,07:57:09,0,0,55,58,100,56,18,,
,24/10/2021,08:57:09,0,0,54,59,104,52,33,,
,25/07/2021,09:57:09,0,0,47,61,101,50,22,,
,29/01/2021,10:57:09,0,0,46,60,105,50,20,,
,20/12/2021,11:57:09,0,0,39,59,104,51,21,,
,10/11/2021,12:57:09,0,0,41,53,100,52,24,,
,14/05/2021,13:57:09,0,0,42,44,101,55,32,,
,13/06/2021,14:57:09,0,0,43,60,100,52,19,,
,18/07/2021,15:57:09,0,0,50,58,104,52,17,,
,02/10/2021,16:57:09,0,0,46,53,103,51,33,,
,05/07/2021,17:57:09,0,0,53,56,104,53,31,,
,30/03/2021,18:57:09,0,0,53,59,104,51,33,,
,09/11/2021,19:57:09,0,0,53,41,103,50,31,,
,02/09/2021,20:57:09,0,0,53,61,103,54,12,,
,23/07/2021,21:57:09,0,0,48,56,105,56,30,,
,23/10/2021,22:57:09,0,0,55,61,103,52,19,,
,24/01/2021,23:57:09,0,0,40,50,105,54,30,,
,13/09/2021,00:57:09,0,0,55,60,101,50,18,,
,01/09/2021,01:57:09,0,0,53,42,105,54,31,,
,12/07/2021,02:57:09,0,0,40,40,105,53,14,,
,28/11/2021,03:57:09,0,0,40,52,102,53,23,,
,26/04/2021,04:57:09,0,0,49,59,105,50,31,,
,06/06/2021,05:57:09,0,0,53,42,100,52,11,,
,25/06/2021,06:57:09,0,0,53,45,105,51,13,,
,20/04/2021,07:57:09,0,0,42,47,103,53,21,,
,15/04/2021,08:57:09,0,0,45,60,103,53,31,,
,31/08/2021,09:57:09,0,0,40,64,102,55,31,,
,28/05/2021,10:57:09,0,0,53,62,103,50,20,,
,24/03/2021,11:57:09,0,0,45,60,101,53,16,,
,22/06/2021,12:57:09,0,0,44,60,101,55,35,,
,12/06/2021,13:57:09,0,0,48,57,101,53,16,,
,02/12/2021,14:57:09,0,0,40,49,101,52,32,,
,21/02/2021,15:57:09,0,0,50,53,104,53,18,,
,16/07/2021,16:57:09,0,0,39,50,104,52,28,,
,24/05/2021,17:57:09,0,0,48,40,104,50,17,,
,12/01/2021,18:57:09,0,0,47,46,100,54,9,,
,01/06/2021,19:57:09,0,0,55,46,100,50,26,,
,02/10/2021,20:57:09,0,0,49,50,101,56,29,,
,12/01/2021,21:57:09,0,0,46,42,101,55,33,,
,19/01/2021,22:57:09,0,0,52,47,100,56,35,,
,30/08/2021,23:57:09,0,0,41,60,100,53,23,,
,08/04/2021,00:57:09,0,0,49,45,102,51,10,,
,05/03/2021,01:57:09,0,0,43,56,100,53,15,,
,28/05/2021,02:57:09,0,0,40,59,101,51,25,,
,24/08/2021,03:57:09,0,0,40,59,102,53,10,,
,28/10/2021,04:57:09,0,0,43,46,100,55,11,,
,31/12/2021,05:57:09,0,0,48,45,101,50,18,,
,30/10/2021,06:57:09,0,0,54,41,100,55,12,,
,03/11/2021,07:57:09,0,0,53,62,100,55,21,,
,14/09/2021,08:57:09,0,0,48,62,104,54,10,,
,30/07/2021,09:57:09,0,0,43,60,102,56,32,,
,20/03/2021,10:57:09,0,0,40,56,103,55,32,,
,07/12/2021,11:57:09,0,0,53,62,105,51,23,,
,20/11/2021,12:57:09,0,0,54,63,105,55,18,,
,18/10/2021,13:57:09,0,0,45,62,100,50,12,,
,16/10/2021,14:57:09,0,0,44,58,100,50,32,,
,19/07/2021,15:57:09,0,0,47,60,104,53,27,,
,14/07/2021,16:57:09,0,0,54,64,100,53,23,,
,08/06/2021,17:57:09,0,0,44,53,101,54,9,,
,24/08/2021,18:57:09,0,0,55,51,103,55,35,,
,21/07/2021,19:57:09,0,0,46,52,103,51,28,,
,24/10/2021,20:57:09,0,0,44,62,101,53,27,,
,10/08/2021,21:57:09,0,0,53,61,103,50,14,,
,19/03/2021,22:57:09,0,0,50,42,101,52,16,,
,26/10/2021,23:57:09,0,0,43,62,102,55,17,,
,15/06/2021,00:57:09,0,0,55,40,103,54,34,,
,18/09/2021,01:57:09,0,0,45,46,105,51,17,,
,15/07/2021,02:57:09,0,0,41,60,103,52,27,,
,16/03/2021,03:57:09,0,0,40,50,102,54,33,,
,06/09/2021,04:57:09,0,0,48,41,104,56,18,,
,03/03/2021,05:57:09,0,0,55,62,100,51,17,,
,02/03/2021,06:57:09,0,0,42,44,104,55,9,,
,22/07/2021,07:57:09,0,0,47,51,105,53,35,,
,30/07/2021,08:57:09,0,0,47,59,100,56,30,,
,06/03/2021,09:57:09,0,0,50,54,102,53,35,,
,05/07/2021,10:57:09,0,0,52,52,104,56,10,,
,06/03/2021,11:57:09,0,0,55,55,102,53,26,,
,28/08/2021,12:57:09,0,0,50,60,103,54,27,,
,05/10/2021,13:57:09,0,0,55,58,101,50,12,,
,05/11/2021,14:57:09,0,0,40,43,100,54,10,,
,15/10/2021,15:57:09,0,0,41,53,102,50,18,,
,14/04/2021,16:57:09,0,0,42,56,102,52,13,,
,29/12/2021,17:57:09,0,0,41,57,102,53,30,,
,24/07/2021,18:57:09,0,0,53,62,101,53,32,,
,05/12/2021,19:57:09,0,0,43,49,104,55,21,,
,30/01/2021,20:57:09,0,0,46,54,103,54,34,,
,15/11/2021,21:57:09,0,0,46,51,105,53,14,,
,13/07/2021,22:57:09,0,0,49,42,104,50,34,,
,31/12/2021,23:57:09,0,0,49,64,103,52,24,,
,15/11/2021,00:57:09,0,0,40,57,105,53,25,,
,25/04/2021,01:57:09,0,0,46,59,104,53,10,,
,28/08/2021,02:57:09,0,0,55,40,103,51,14,,
,26/09/2021,03:57:09,0,0,47,45,101,55,14,,
,27/09/2021,04:57:09,0,0,46,58,105,55,16,,
,19/03/2021,05:57:09,0,0,39,60,104,56,8,,
,07/10/2021,06:57:09,0,0,49,42,105,54,16,,
,14/10/2021,07:57:09,0,0,48,55,104,51,9,,
,05/12/2021,08:57:09,0,0,44,60,105,50,31,,
,10/10/2021,09:57:09,0,0,49,52,104,52,31,,
,03/02/2021,10:57:09,0,0,54,64,105,55,18,,
,24/04/2021,11:57:09,0,0,40,42,102,54,12,,
,25/08/2021,12:57:09,0,0,43,54,105,51,20,,
,06/04/2021,13:57:09,0,0,50,41,100,50,21,,
,24/10/2021,14:57:09,0,0,45,48,102,50,19,,
,12/05/2021,15:57:09,0,0,50,52,100,56,22,,
,27/07/2021,16:57:09,0,0,55,57,105,51,10,,
,30/11/2021,17:57:09,0,0,46,46,105,55,8,,
,31/10/2021,18:57:09,0,0,53,54,103,54,24,,
,25/12/2021,19:57:09,0,0,44,40,103,54,22,,
,31/12/2021,20:57:09,0,0,52,59,101,56,28,,
,13/05/2021,21:57:09,0,0,45,54,104,54,26,,
,29/09/2021,22:57:09,0,0,47,41,102,54,11,,
,30/08/2021,23:57:09,0,0,49,57,104,52,31,,
,21/04/2021,00:57:09,0,0,42,62,103,51,25,,
,05/05/2021,01:57:09,0,0,51,48,101,56,22,,
,30/06/2021,02:57:09,0,0,47,62,104,50,25,,
,15/09/2021,03:57:09,0,0,54,50,100,51,19,,
,14/03/2021,04:57:09,0,0,48,48,104,52,11,,
,17/04/2021,05:57:09,0,0,54,59,100,50,22,,
,27/03/2021,06:57:09,0,0,41,46,104,55,29,,
,09/05/2021,07:57:09,0,0,51,42,104,55,21,,
,07/05/2021,08:57:09,0,0,55,46,102,52,35,,
,30/12/2021,09:57:09,0,0,51,45,105,52,14,,
,19/11/2021,10:57:09,0,0,54,56,100,53,34,,
,17/09/2021,11:57:09,0,0,50,57,101,50,21,,
,25/01/2021,12:57:09,0,0,41,52,100,51,27,,
,18/02/2021,13:57:09,0,0,51,61,103,53,28,,
,06/03/2021,14:57:09,0,0,40,57,100,54,14,,
,04/09/2021,15:57:09,0,0,50,48,104,50,26,,
,23/05/2021,16:57:09,0,0,50,46,103,55,23,,
,20/02/2021,17:57:09,0,0,39,54,101,52,30,,
,12/05/2021,18:57:09,0,0,47,51,102,52,10,,
,19/05/2021,19:57:09,0,0,55,60,104,54,35,,
,21/09/2021,20:57:09,0,0,39,56,101,53,11,,
,25/10/2021,21:57:09,0,0,43,50,103,55,30,,
,23/09/2021,22:57:09,0,0,42,62,105,51,9,,
,16/12/2021,23:57:09,0,0,41,49,105,54,13,,
,24/05/2021,00:57:09,0,0,44,61,101,54,34,,
,17/02/2021,01:57:09,0,0,47,47,103,54,24,,
,23/09/2021,02:57:09,0,0,55,42,103,54,8,,
,20/01/2021,03:57:09,0,0,40,61,104,53,21,,
,04/09/2021,04:57:09,0,0,43,63,101,55,8,,
,11/09/2021,05:57:09,0,0,55,63,101,55,17,,
,20/05/2021,06:57:09,0,0,50,44,102,50,13,,
,14/12/2021,07:57:09,0,0,52,44,103,56,15,,
,09/02/2021,08:57:09,0,0,47,57,103,53,28,,
,07/10/2021,09:57:09,0,0,47,50,100,53,18,,
,01/01/2021,10:57:09,0,0,43,52,105,55,15,,
,21/11/2021,11:57:09,0,0,49,43,104,54,23,,
,21/02/2021,12:57:09,0,0,53,52,102,50,31,,
,11/04/2021,13:57:09,0,0,49,56,101,53,26,,
,02/02/2021,14:57:09,0,0,39,47,102,54,9,,
,25/05/2021,15:57:09,0,0,43,41,102,52,14,,
,16/07/2021,16:57:09,0,0,49,64,104,51,20,,
,01/07/2021,17:57:09,0,0,40,52,104,56,17,,
,03/10/2021,18:57:09,0,0,41,52,102,53,11,,
,03/01/2021,19:57:09,0,0,53,61,102,54,24,,
,12/01/2021,20:57:09,0,0,44,47,105,56,20,,
,01/02/2021,21:57:09,0,0,47,42,105,56,13,,
,20/12/2021,22:57:09,0,0,42,58,101,50,22,,
,06/04/2021,23:57:09,0,0,50,58,105,53,14,,
,20/04/2021,00:57:09,0,0,52,43,104,53,12,,
,08/09/2021,01:57:09,0,0,48,57,102,53,35,,
,05/08/2021,02:57:09,0,0,49,51,104,54,31,,
,21/11/2021,03:57:09,0,0,43,51,105,50,21,,
,27/10/2021,04:57:09,0,0,43,55,101,56,12,,
,10/04/2021,05:57:09,0,0,51,58,105,55,21,,
,23/06/2021,06:57:09,0,0,53,43,101,55,19,,
,25/02/2021,07:57:09,0,0,54,59,104,54,23,,
,26/01/2021,08:57:09,0,0,54,46,105,52,32,,
,30/10/2021,09:57:09,0,0,40,54,103,53,23,,
,01/10/2021,10:57:09,0,0,49,58,104,51,32,,
,05/10/2021,11:57:09,0,0,50,62,102,55,20,,
,25/05/2021,12:57:09,0,0,48,53,102,51,30,,
,08/02/2021,13:57:09,0,0,41,48,104,51,11,,
,09/02/2021,14:57:09,0,0,43,43,101,53,22,,
,16/03/2021,15:57:09,0,0,55,51,100,54,9,,
,20/08/2021,16:57:09,0,0,42,44,105,56,28,,
,15/09/2021,17:57:09,0,0,55,48,100,51,35,,
,04/02/2021,18:57:09,0,0,43,56,101,55,23,,
,23/07/2021,19:57:09,0,0,43,45,101,53,35,,
,15/06/2021,20:57:09,0,0,41,53,100,55,13,,
,03/05/2021,21:57:09,0,0,53,56,102,54,12,,
,12/05/2021,22:57:09,0,0,54,50,103,50,27,,
,30/08/2021,23:57:09,0,0,42,48,103,51,8,,
,29/10/2021,00:57:09,0,0,50,64,104,53,34,,
,20/03/2021,01:57:09,0,0,46,40,102,51,22,,
,16/04/2021,02:57:09,0,0,45,54,100,54,21,,
,18/12/2021,03:57:09,0,0,45,63,104,50,16,,
,30/08/2021,04:57:09,0,0,49,63,101,54,11,,
,31/10/2021,05:57:09,0,0,40,46,104,53,8,,
,08/06/2021,06:57:09,0,0,52,56,102,50,24,,
,03/09/2021,07:57:09,0,0,50,42,105,52,20,,
,12/01/2021,08:57:09,0,0,44,63,104,53,11,,
,30/04/2021,09:57:09,0,0,42,61,101,55,14,,
,05/09/2021,10:57:09,0,0,46,60,100,54,20,,
,09/02/2021,11:57:09,0,0,46,42,103,53,26,,
,12/11/2021,12:57:09,0,0,50,47,103,56,11,,
,11/06/2021,13:57:09,0,0,49,63,100,51,18,,
,02/11/2021,14:57:09,0,0,41,57,101,52,29,,
,08/02/2021,15:57:09,0,0,44,59,105,53,34,,
,06/05/2021,16:57:09,0,0,46,52,103,52,35,,
,10/02/2021,17:57:09,0,0,50,53,103,56,10,,
,12/09/2021,18:57:09,0,0,44,43,105,50,18,,
,28/02/2021,19:57:09,0,0,54,63,101,51,13,,
,27/03/2021,20:57:09,0,0,45,45,101,55,28,,
,13/02/2021,21:57:09,0,0,51,61,101,56,26,,
,24/09/2021,22:57:09,0,0,55,43,104,54,15,,
,09/11/2021,23:57:09,0,0,41,41,100,51,24,,
,01/04/2021,00:57:09,0,0,46,42,105,50,9,,
,14/10/2021,01:57:09,0,0,39,61,101,53,23,,
,15/12/2021,02:57:09,0,0,41,62,102,55,31,,
,01/09/2021,03:57:09,0,0,49,47,101,52,30,,
,22/12/2021,04:57:09,0,0,39,42,102,51,23,,
,21/09/2021,05:57:09,0,0,54,48,102,50,33,,
,02/07/2021,06:57:09,0,0,45,44,103,56,12,,
,15/08/2021,07:57:09,0,0,42,44,101,54,13,,
,27/07/2021,08:57:09,0,0,47,55,100,53,13,,
,31/07/2021,09:57:09,0,0,45,45,102,56,19,,
,21/07/2021,10:57:09,0,0,49,45,103,53,19,,
,21/12/2021,11:57:09,0,0,55,50,101,54,32,,
,02/02/2021,12:57:09,0,0,40,59,104,52,20,,
,03/07/2021,13:57:09,0,0,47,56,104,53,31,,
,09/03/2021,14:57:09,0,0,47,47,104,56,10,,
,15/02/2021,15:57:09,0,0,42,64,105,56,28,,
,13/09/2021,16:57:09,0,0,51,41,101,54,31,,
,15/05/2021,17:57:09,0,0,51,56,103,51,22,,
,10/06/2021,18:57:09,0,0,51,56,105,52,34,,
,10/11/2021,19:57:09,0,0,44,53,102,53,34,,
,18/06/2021,20:57:09,0,0,42,58,105,55,26,,
,01/12/2021,21:57:09,0,0,42,46,100,56,20,,
,18/11/2021,22:57:09,0,0,43,52,101,55,22,,
,04/09/2021,23:57:09,0,0,47,58,105,53,31,,
,13/11/2021,00:57:09,0,0,44,59,100,54,18,,
,07/05/2021,01:57:09,0,0,48,49,102,55,35,,
,15/02/2021,02:57:09,0,0,41,46,100,56,21,,
,16/11/2021,03:57:09,0,0,45,60,103,53,23,,
,04/06/2021,04:57:09,0,0,55,48,100,51,25,,
,14/07/2021,05:57:09,0,0,48,57,102,51,32,,
,18/03/2021,06:57:09,0,0,41,58,103,52,8,,
,03/03/2021,07:57:09,0,0,52,49,100,54,23,,
,21/09/2021,08:57:09,0,0,51,43,103,52,30,,
,02/08/2021,09:57:09,0,0,46,54,105,54,33,,
,10/04/2021,10:57:09,0,0,47,64,104,52,28,,
,16/05/2021,11:57:09,0,0,45,40,104,56,11,,
,06/05/2021,12:57:09,0,0,51,41,102,52,19,,
,14/01/2021,13:57:09,0,0,51,54,101,53,25,,
,20/03/2021,14:57:09,0,0,43,59,101,51,24,,
,13/03/2021,15:57:09,0,0,55,51,104,55,32,,
,30/06/2021,16:57:09,0,0,43,51,100,54,35,,
,25/09/2021,17:57:09,0,0,43,50,104,54,35,,
,25/11/2021,18:57:09,0,0,53,48,103,50,28,,
,28/12/2021,19:57:09,0,0,49,48,100,56,34,,
,26/09/2021,20:57:09,0,0,45,57,101,55,35,,
,02/04/2021,21:57:09,0,0,55,41,103,51,17,,
,03/02/2021,22:57:09,0,0,52,49,101,56,11,,
,19/04/2021,23:57:09,0,0,39,62,105,55,19,,
,30/09/2021,00:57:09,0,0,48,60,101,51,31,,
,17/11/2021,01:57:09,0,0,39,49,101,55,12,,
,24/07/2021,02:57:09,0,0,54,46,104,51,17,,
,17/02/2021,03:57:09,0,0,51,43,105,53,18,,
,10/10/2021,04:57:09,0,0,54,45,100,54,10,,
,12/11/2021,05:57:09,0,0,51,46,100,51,10,,
,11/09/2021,06:57:09,0,0,41,57,105,52,27,,
,28/09/2021,07:57:09,0,0,53,64,105,51,28,,
,14/09/2021,08:57:09,0,0,43,53,103,55,25,,
,24/02/2021,09:57:09,0,0,53,61,100,50,24,,
,27/12/2021,10:57:09,0,0,53,64,102,56,13,,
,13/03/2021,11:57:09,0,0,49,56,105,55,12,,
,14/11/2021,12:57:09,0,0,55,45,100,56,10,,
,27/08/2021,13:57:09,0,0,55,60,100,56,10,,
,22/01/2021,14:57:09,0,0,51,56,102,54,29,,
,26/01/2021,15:57:09,0,0,44,56,103,52,11,,
,02/03/2021,16:57:09,0,0,45,58,101,56,34,,
,15/01/2021,17:57:09,0,0,46,51,103,51,10,,
,23/10/2021,18:57:09,0,0,51,52,100,53,25,,
,07/02/2021,19:57:09,0,0,52,46,101,54,15,,
,13/05/2021,20:57:09,0,0,44,56,104,54,23,,
,05/04/2021,21:57:09,0,0,47,43,105,56,26,,
,25/03/2021,22:57:09,0,0,41,54,102,53,32,,
,29/06/2021,23:57:09,0,0,39,43,102,56,24,,
,25/01/2021,00:57:09,0,0,55,50,102,55,21,,
,22/11/2021,01:57:09,0,0,52,54,105,53,12,,
,22/02/2021,02:57:09,0,0,48,49,100,54,11,,
,12/07/2021,03:57:09,0,0,50,44,101,53,31,,
,08/10/2021,04:57:09,0,0,49,43,103,54,30,,
,13/07/2021,05:57:09,0,0,44,57,102,51,29,,
,12/05/2021,06:57:09,0,0,40,43,104,56,28,,
,23/05/2021,07:57:09,0,0,41,60,102,56,28,,
,01/03/2021,08:57:09,0,0,55,64,105,55,29,,
,07/07/2021,09:57:09,0,0,44,50,105,56,29,,
,12/06/2021,10:57:09,0,0,49,43,103,52,35,,
,25/04/2021,11:57:09,0,0,44,51,105,55,14,,
,01/05/2021,12:57:09,0,0,44,48,100,54,14,,
,16/10/2021,13:57:09,0,0,48,52,105,54,18,,
,11/06/2021,14:57:09,0,0,53,57,103,55,19,,
,05/05/2021,15:57:09,0,0,46,56,101,52,29,,
,20/09/2021,16:57:09,0,0,55,47,102,56,17,,
,20/01/2021,17:57:09,0,0,43,51,104,50,16,,
,03/02/2021,18:57:09,0,0,45,44,105,51,31,,
,31/12/2021,19:57:09,0,0,53,46,101,51,21,,
,26/05/2021,20:57:09,0,0,47,59,101,51,28,,
,15/11/2021,21:57:09,0,0,46,57,105,52,9,,
,20/04/2021,22:57:09,0,0,52,45,100,53,16,,
,17/04/2021,23:57:09,0,0,47,44,102,56,10,,
,13/12/2021,00:57:09,0,0,51,44,102,51,15,,
,20/06/2021,01:57:09,0,0,45,51,100,56,20,,
,19/07/2021,02:57:09,0,0,43,51,103,53,23,,
,07/01/2021,03:57:09,0,0,53,52,103,55,13,,
,01/03/2021,04:57:09,0,0,53,63,104,55,32,,
,02/05/2021,05:57:09,0,0,45,49,104,51,30,,
,16/01/2021,06:57:09,0,0,48,45,103,50,30,,
,06/02/2021,07:57:09,0,0,40,50,103,54,21,,
,03/08/2021,08:57:09,0,0,48,64,103,52,8,,
,29/05/2021,09:57:09,0,0,50,51,105,52,9,,
,16/12/2021,10:57:09,0,0,44,54,103,51,14,,
,08/03/2021,11:57:09,0,0,41,57,102,53,18,,
,02/09/2021,12:57:09,0,0,48,64,103,53,17,,
,04/08/2021,13:57:09,0,0,40,62,101,51,9,,
,15/08/2021,14:57:09,0,0,42,42,100,51,29,,
,22/01/2021,15:57:09,0,0,43,59,103,53,27,,
,03/07/2021,16:57:09,0,0,44,48,101,54,15,,
,12/06/2021,17:57:09,0,0,49,51,100,54,22,,
,01/05/2021,18:57:09,0,0,43,61,100,50,34,,
,26/12/2021,19:57:09,0,0,53,58,101,54,35,,
,06/01/2021,20:57:09,0,0,47,52,102,56,27,,
,21/02/2021,21:57:09,0,0,48,63,104,51,26,,
,23/01/2021,22:57:09,0,0,47,51,104,54,21,,
,12/12/2021,23:57:09,0,0,44,57,102,54,29,,
,10/11/2021,00:57:09,0,0,43,55,104,52,33,,
,30/10/2021,01:57:09,0,0,48,55,100,50,16,,
,26/12/2021,02:57:09,0,0,54,40,104,50,16,,
,22/09/2021,03:57:09,0,0,49,64,101,53,23,,
,19/06/2021,04:57:09,0,0,47,49,105,55,16,,
,29/09/2021,05:57:09,0,0,46,48,103,53,22,,
,02/11/2021,06:57:09,0,0,54,48,104,53,31,,
,19/09/2021,07:57:09,0,0,53,61,102,52,35,,
,25/02/2021,08:57:09,0,0,50,50,103,55,33,,
,07/12/2021,09:57:09,0,0,50,58,103,50,11,,
,31/05/2021,10:57:09,0,0,41,53,103,51,32,,
,22/06/2021,11:57:09,0,0,45,47,104,55,13,,
,14/06/2021,12:57:09,0,0,51,63,101,56,12,,
,13/08/2021,13:57:09,0,0,41,53,105,50,15,,
,19/04/2021,14:57:09,0,0,39,56,103,50,26,,
,30/01/2021,15:57:09,0,0,42,45,104,52,10,,
,31/12/2021,16:57:09,0,0,53,51,101,54,33,,
,15/03/2021,17:57:09,0,0,52,50,104,50,20,,
,08/08/2021,18:57:09,0,0,53,55,103,50,8,,
,06/01/2021,19:57:09,0,0,40,47,101,56,25,,
,28/08/2021,20:57:09,0,0,47,58,102,51,28,,
,19/05/2021,21:57:09,0,0,40,63,100,56,29,,
,23/12/2021,22:57:09,0,0,42,44,101,54,14,,
,29/09/2021,23:57:09,0,0,40,40,100,52,11,,
,11/03/2021,00:57:09,0,0,43,47,103,53,14,,
,03/06/2021,01:57:09,0,0,52,51,103,54,12,,
,10/01/2021,02:57:09,0,0,52,60,104,52,20,,
,21/08/2021,03:57:09,0,0,52,41,101,54,12,,
,29/11/2021,04:57:09,0,0,48,47,104,52,14,,
,13/11/2021,05:57:09,0,0,55,48,103,50,15,,
,19/08/2021,06:57:09,0,0,44,53,100,54,31,,
,19/09/2021,07:57:09,0,0,46,49,104,54,24,,
,03/07/2021,08:57:09,0,0,42,47,102,51,13,,
,25/04/2021,09:57:09,0,0,43,57,102,56,8,,
,25/09/2021,10:57:09,0,0,41,42,102,52,11,,
,07/10/2021,11:57:09,0,0,54,40,105,53,24,,
,23/12/2021,12:57:09,0,0,49,44,102,50,16,,
,06/07/2021,13:57:09,0,0,42,47,103,55,18,,
,20/11/2021,14:57:09,0,0,52,42,104,54,25,,
,08/08/2021,15:57:09,0,0,49,60,102,51,26,,
,21/10/2021,16:57:09,0,0,46,52,102,53,20,,
,19/06/2021,17:57:09,0,0,50,45,102,50,11,,
,08/12/2021,18:57:09,0,0,39,42,105,52,20,,
,20/09/2021,19:57:09,0,0,44,56,101,53,10,,
,26/04/2021,20:57:09,0,0,46,59,100,54,32,,
,06/12/2021,21:57:09,0,0,39,53,104,51,12,,
,10/08/2021,22:57:09,0,0,42,56,105,55,17,,
,03/01/2021,23:57:09,0,0,53,58,101,54,22,,
,29/03/2021,00:57:09,0,0,52,54,105,55,20,,
,16/12/2021,01:57:09,0,0,53,47,105,56,8,,
,21/05/2021,02:57:09,0,0,50,48,102,51,13,,
,04/07/2021,03:57:09,0,0,53,60,104,56,25,,
,15/08/2021,04:57:09,0,0,51,46,104,54,28,,
,22/03/2021,05:57:09,0,0,46,60,100,50,9,,
,28/04/2021,06:57:09,0,0,45,63,100,54,28,,
,09/10/2021,07:57:09,0,0,43,44,101,53,10,,
,23/09/2021,08:57:09,0,0,48,48,103,54,18,,
,31/03/2021,09:57:09,0,0,49,55,103,52,33,,
,15/06/2021,10:57:09,0,0,44,45,102,55,23,,
,24/04/2021,11:57:09,0,0,42,58,101,50,19,,
,03/09/2021,12:57:09,0,0,55,64,100,55,25,,
,05/01/2021,13:57:09,0,0,44,61,103,55,14,,
,03/06/2021,14:57:09,0,0,41,43,101,55,22,,
,28/12/2021,15:57:09,0,0,52,52,102,56,26,,
,12/11/2021,16:57:09,0,0,50,60,105,53,17,,
,07/11/2021,17:57:09,0,0,40,42,105,50,21,,
,22/07/2021,18:57:09,0,0,54,53,105,56,19,,
,07/12/2021,19:57:09,0,0,43,44,105,51,28,,
,27/08/2021,20:57:09,0,0,53,42,102,51,29,,
,08/10/2021,21:57:09,0,0,53,46,105,52,13,,
,23/06/2021,22:57:09,0,0,45,40,102,51,19,,
,18/07/2021,23:57:09,0,0,41,43,101,54,18,,
,19/06/2021,00:57:09,0,0,40,62,102,52,25,,
,21/02/2021,01:57:09,0,0,52,64,102,56,29,,
,10/03/2021,02:57:09,0,0,53,46,101,55,10,,
,29/05/2021,03:57:09,0,0,51,54,102,54,24,,
,19/07/2021,04:57:09,0,0,52,57,102,56,21,,
,23/11/2021,05:57:09,0,0,52,59,105,52,35,,
,30/01/2021,06:57:09,0,0,49,55,103,51,32,,
,20/08/2021,07:57:09,0,0,40,45,105,53,10,,
,28/02/2021,08:57:09,0,0,53,58,103,54,14,,
,02/02/2021,09:57:09,0,0,55,53,101,56,20,,
,25/09/2021,10:57:09,0,0,54,45,100,53,33,,
,04/01/2021,11:57:09,0,0,51,63,102,50,8,,
,25/04/2021,12:57:09,0,0,52,48,103,51,13,,
,10/12/2021,13:57:09,0,0,42,46,100,56,17,,
,21/04/2021,14:57:09,0,0,39,63,101,53,9,,
,09/03/2021,15:57:09,0,0,41,60,100,52,19,,
,21/01/2021,16:57:09,0,0,44,52,105,51,20,,
,20/04/2021,17:57:09,0,0,42,44,101,54,11,,
,26/03/2021,18:57:09,0,0,44,63,103,51,20,,
,03/02/2021,19:57:09,0,0,49,46,105,54,33,,
,13/07/2021,20:57:09,0,0,54,59,103,54,31,,
,25/01/2021,21:57:09,0,0,44,54,103,53,24,,
,18/06/2021,22:57:09,0,0,39,46,102,50,22,,
,25/03/2021,23:57:09,0,0,41,53,103,55,28,,
,15/01/2021,00:57:09,0,0,45,48,103,52,30,,
,23/12/2021,01:57:09,0,0,49,64,102,55,27,,
,16/11/2021,02:57:09,0,0,54,59,102,53,21,,
,01/07/2021,03:57:09,0,0,42,58,100,54,30,,
,08/06/2021,04:57:09,0,0,46,45,100,50,11,,
,08/08/2021,05:57:09,0,0,54,44,101,56,31,,
,10/10/2021,06:57:09,0,0,55,58,100,54,25,,
,03/04/2021,07:57:09,0,0,51,49,103,55,8,,
,01/08/2021,08:57:09,0,0,40,42,105,54,30,,
,23/07/2021,09:57:09,0,0,52,56,105,55,26,,
,14/09/2021,10:57:09,0,0,42,64,105,54,32,,
,02/09/2021,11:57:09,0,0,47,55,102,53,12,,
,25/09/2021,12:57:09,0,0,54,51,105,54,19,,
,14/04/2021,13:57:09,0,0,50,50,103,51,33,,
,08/12/2021,14:57:09,0,0,50,47,100,53,21,,
,20/03/2021,15:57:09,0,0,43,54,100,50,12,,
,06/07/2021,16:57:09,0,0,55,41,101,53,26,,
,15/02/2021,17:57:09,0,0,42,50,100,54,35,,
,24/07/2021,18:57:09,0,0,50,41,103,50,13,,
,09/03/2021,19:57:09,0,0,43,49,103,54,12,,
,13/04/2021,20:57:09,0,0,51,57,105,53,29,,
,03/09/2021,21:57:09,0,0,47,48,102,50,24,,
,06/05/2021,22:57:09,0,0,40,47,101,52,9,,
,09/06/2021,23:57:09,0,0,47,63,100,53,17,,
,06/01/2021,00:57:09,0,0,40,53,101,55,16,,
,21/09/2021,01:57:09,0,0,55,47,101,54,34,,
,12/01/2021,02:57:09,0,0,41,58,105,51,16,,
,04/11/2021,03:57:09,0,0,44,63,105,51,26,,
,06/10/2021,04:57:09,0,0,40,43,101,52,12,,
,02/05/2021,05:57:09,0,0,41,40,103,50,35,,
,14/09/2021,06:57:09,0,0,54,49,100,56,29,,
,20/06/2021,07:57:09,0,0,42,45,103,50,30,,
,10/05/2021,08:57:09,0,0,52,62,101,50,25,,
,02/12/2021,09:57:09,0,0,41,40,103,52,22,,
,20/04/2021,10:57:09,0,0,52,46,104,55,22,,
,19/10/2021,11:57:09,0,0,41,58,100,53,25,,
,01/04/2021,12:57:09,0,0,42,46,101,50,32,,
,13/07/2021,13:57:09,0,0,49,59,104,55,8,,
,01/09/2021,14:57:09,0,0,44,62,102,52,28,,
,26/09/2021,15:57:09,0,0,49,47,103,56,25,,
,11/11/2021,16:57:09,0,0,40,41,100,50,14,,
,03/05/2021,17:57:09,0,0,49,58,100,56,31,,
,10/11/2021,18:57:09,0,0,46,44,101,53,11,,
,14/06/2021,19:57:09,0,0,54,57,102,53,13,,
,13/01/2021,20:57:09,0,0,40,42,103,53,11,,
,29/12/2021,21:57:09,0,0,53,50,100,56,30,,
,01/10/2021,22:57:09,0,0,43,40,102,55,17,,
,07/09/2021,23:57:09,0,0,44,44,105,55,35,,
,19/05/2021,00:57:09,0,0,54,55,100,51,16,,
,07/10/2021,01:57:09,0,0,51,57,101,50,9,,
,23/04/2021,02:57:09,0,0,53,59,104,51,8,,
,07/09/2021,03:57:09,0,0,46,51,104,51,18,,
,26/11/2021,04:57:09,0,0,46,52,101,53,21,,
,05/05/2021,05:57:09,0,0,50,42,102,53,21,,
,13/02/2021,06:57:09,0,0,54,61,101,56,35,,
,03/10/2021,07:57:09,0,0,49,48,101,56,8,,
,17/06/2021,08:57:09,0,0,41,64,101,55,33,,
,18/09/2021,09:57:09,0,0,42,50,100,53,10,,
,27/06/2021,10:57:09,0,0,51,53,102,53,16,,
,25/04/2021,11:57:09,0,0,40,46,102,50,17,,
,10/06/2021,12:57:09,0,0,40,53,102,54,32,,
,30/11/2021,13:57:09,0,0,48,40,105,54,9,,
,18/02/2021,14:57:09,0,0,49,51,100,50,25,,
,31/01/2021,15:57:09,0,0,39,41,100,51,19,,
,21/07/2021,16:57:09,0,0,55,62,100,53,14,,
,04/07/2021,17:57:09,0,0,39,50,100,53,22,,
,03/02/2021,18:57:09,0,0,50,60,102,55,10,,
,30/03/2021,19:57:09,0,0,43,52,101,52,26,,
,27/09/2021,20:57:09,0,0,55,58,102,52,18,,
,22/07/2021,21:57:09,0,0,41,47,100,54,32,,
,04/12/2021,22:57:09,0,0,52,45,105,51,30,,
,31/10/2021,23:57:09,0,0,43,47,104,56,35,,
,13/08/2021,00:57:09,0,0,51,42,104,52,15,,
,03/11/2021,01:57:09,0,0,51,57,102,52,14,,
,28/01/2021,02:57:09,0,0,52,46,105,50,32,,
,12/10/2021,03:57:09,0,0,39,57,100,55,25,,
,19/12/2021,04:57:09,0,0,42,55,102,53,19,,
,01/04/2021,05:57:09,0,0,55,64,102,50,32,,
,30/11/2021,06:57:09,0,0,51,43,102,51,30,,
,09/08/2021,07:57:09,0,0,50,57,102,55,11,,
,22/09/2021,08:57:09,0,0,40,53,102,54,9,,
,23/02/2021,09:57:09,0,0,40,51,100,53,35,,
,27/08/2021,10:57:09,0,0,51,54,105,56,31,,
,16/08/2021,11:57:09,0,0,46,59,105,55,17,,
,26/02/2021,12:57:09,0,0,47,41,104,51,19,,
,29/07/2021,13:57:09,0,0,39,52,102,55,25,,
,27/11/2021,14:57:09,0,0,39,63,103,56,13,,
,09/12/2021,15:57:09,0,0,48,46,101,52,26,,
,11/06/2021,16:57:09,0,0,45,47,101,51,32,,
,05/07/2021,17:57:09,0,0,51,46,102,52,13,,
,11/03/2021,18:57:09,0,0,50,59,104,54,18,,
,09/08/2021,19:57:09,0,0,46,48,104,56,26,,
,01/10/2021,20:57:09,0,0,45,44,104,56,21,,
,26/08/2021,21:57:09,0,0,50,51,104,53,16,,
,13/09/2021,22:57:09,0,0,55,52,100,52,16,,
,19/02/2021,23:57:09,0,0,45,48,101,56,19,,
,26/12/2021,00:57:09,0,0,39,59,102,52,13,,
,28/01/2021,01:57:09,0,0,39,61,103,56,19,,
,12/03/2021,02:57:09,0,0,55,57,101,53,18,,
,23/10/2021,03:57:09,0,0,52,45,104,56,27,,
,03/08/2021,04:57:09,0,0,41,60,101,51,12,,
,15/09/2021,05:57:09,0,0,45,55,105,52,13,,
,26/02/2021,06:57:09,0,0,42,52,102,56,29,,
,06/08/2021,07:57:09,0,0,46,57,105,51,30,,
,18/08/2021,08:57:09,0,0,51,51,105,53,19,,
,15/09/2021,09:57:09,0,0,51,64,105,54,18,,
,10/09/2021,10:57:09,0,0,50,40,101,51,23,,
,15/05/2021,11:57:09,0,0,53,42,103,52,21,,
,30/06/2021,12:57:09,0,0,54,43,101,53,34,,
,31/05/2021,13:57:09,0,0,51,58,105,50,25,,
,28/07/2021,14:57:09,0,0,50,53,101,54,31,,
,30/06/2021,15:57:09,0,0,51,61,104,55,27,,
,14/11/2021,16:57:09,0,0,42,58,102,55,17,,
,11/05/2021,17:57:09,0,0,49,54,101,51,29,,
,05/06/2021,18:57:09,0,0,44,43,104,54,30,,
,23/08/2021,19:57:09,0,0,51,44,105,51,13,,
,26/07/2021,20:57:09,0,0,47,61,103,54,8,,
,19/06/2021,21:57:09,0,0,52,61,100,55,31,,
,25/11/2021,22:57:09,0,0,55,61,103,56,21,,
,24/01/2021,23:57:09,0,0,43,49,102,54,16,,
,27/03/2021,00:57:09,0,0,46,40,102,52,21,,
,22/08/2021,01:57:09,0,0,52,55,100,53,9,,
,21/06/2021,02:57:09,0,0,39,54,102,56,20,,
,18/02/2021,03:57:09,0,0,53,44,100,56,9,,
,18/05/2021,04:57:09,0,0,50,54,101,55,15,,
,16/05/2021,05:57:09,0,0,48,48,100,53,11,,
,26/09/2021,06:57:09,0,0,51,43,100,54,9,,
,21/07/2021,07:57:09,0,0,39,50,102,51,15,,
,19/03/2021,08:57:09,0,0,41,44,102,54,14,,
,26/10/2021,09:57:09,0,0,53,51,105,56,18,,
,16/09/2021,10:57:09,0,0,44,48,103,50,22,,
,14/10/2021,11:57:09,0,0,47,43,103,52,23,,
,15/11/2021,12:57:09,0,0,42,45,102,54,32,,
,06/12/2021,13:57:09,0,0,52,57,103,54,29,,
,11/08/2021,14:57:09,0,0,51,50,103,52,17,,
,01/12/2021,15:57:09,0,0,41,64,101,50,12,,
,30/05/2021,16:57:09,0,0,42,63,104,51,25,,
,01/07/2021,17:57:09,0,0,45,57,100,54,26,,
,24/12/2021,18:57:09,0,0,48,64,102,54,18,,
,14/12/2021,19:57:09,0,0,46,58,105,55,31,,
,29/09/2021,20:57:09,0,0,52,57,105,53,22,,
,27/08/2021,21:57:09,0,0,55,51,101,53,27,,
,09/09/2021,22:57:09,0,0,44,46,102,50,16,,
,08/02/2021,23:57:09,0,0,49,64,101,55,23,,
,05/12/2021,00:57:09,0,0,50,43,100,51,23,,
,09/12/2021,01:57:09,0,0,48,59,101,52,26,,
,12/02/2021,02:57:09,0,0,51,58,103,51,34,,
,14/09/2021,03:57:09,0,0,49,64,102,56,25,,
,02/01/2021,04:57:09,0,0,46,62,105,51,10,,
,24/09/2021,05:57:09,0,0,54,50,104,55,16,,
,24/01/2021,06:57:09,0,0,45,49,105,54,26,,
,26/03/2021,07:57:09,0,0,40,62,101,50,13,,
,05/05/2021,08:57:09,0,0,53,60,103,51,32,,
,02/01/2021,09:57:09,0,0,40,54,102,55,34,,
,29/12/2021,10:57:09,0,0,45,62,104,51,20,,
,06/08/2021,11:57:09,0,0,47,59,104,51,35,,
,31/12/2021,12:57:09,0,0,47,40,103,54,13,,
,21/12/2021,13:57:09,0,0,44,56,105,54,10,,
,04/01/2021,14:57:09,0,0,52,57,104,50,11,,
,12/11/2021,15:57:09,0,0,55,49,100,54,30,,
,30/07/2021,16:57:09,0,0,44,48,102,52,29,,
,19/07/2021,17:57:09,0,0,53,43,103,54,14,,
,12/08/2021,18:57:09,0,0,44,44,105,51,31,,
,05/03/2021,19:57:09,0,0,44,46,103,54,24,,
,12/05/2021,20:57:09,0,0,44,59,104,52,17,,
,23/01/2021,21:57:09,0,0,53,64,100,53,31,,
,02/10/2021,22:57:09,0,0,54,60,105,53,19,,
,11/08/2021,23:57:09,0,0,52,51,105,50,14,,
,24/08/2021,00:57:09,0,0,47,56,100,55,9,,
,27/07/2021,01:57:09,0,0,55,59,100,54,22,,
,01/02/2021,02:57:09,0,0,45,47,101,54,33,,
,22/08/2021,03:57:09,0,0,45,49,104,53,23,,
,24/05/2021,04:57:09,0,0,44,45,102,53,32,,
,21/01/2021,05:57:09,0,0,50,53,103,55,16,,
,19/10/2021,06:57:09,0,0,51,46,105,55,9,,
,10/05/2021,07:57:09,0,0,53,48,103,53,32,,
,14/02/2021,08:57:09,0,0,54,60,103,55,16,,
,30/08/2021,09:57:09,0,0,51,58,101,55,35,,
,07/02/2021,10:57:09,0,0,49,59,102,53,16,,
,13/02/2021,11:57:09,0,0,39,43,102,52,19,,
,21/03/2021,12:57:09,0,0,53,47,104,50,32,,
,29/12/2021,13:57:09,0,0,53,62,100,50,24,,
,11/08/2021,14:57:09,0,0,43,49,103,51,23,,
,06/05/2021,15:57:09,0,0,49,54,102,56,22,,
,14/08/2021,16:57:09,0,0,44,43,100,56,33,,
,20/06/2021,17:57:09,0,0,40,62,101,53,10,,
,27/11/2021,18:57:09,0,0,53,59,104,50,19,,
,12/07/2021,19:57:09,0,0,44,52,105,53,33,,
,02/12/2021,20:57:09,0,0,47,44,101,55,11,,
,05/08/2021,21:57:09,0,0,42,58,103,56,22,,
,08/12/2021,22:57:09,0,0,41,62,100,56,29,,
,14/12/2021,23:57:09,0,0,55,46,104,52,33,,
,03/04/2021,00:57:09,0,0,50,42,100,54,34,,
,05/02/2021,01:57:09,0,0,45,56,103,54,25,,
,28/09/2021,02:57:09,0,0,53,41,105,50,12,,
,14/06/2021,03:57:09,0,0,55,51,105,56,9,,
,08/07/2021,04:57:09,0,0,55,43,101,51,15,,
,19/03/2021,05:57:09,0,0,45,59,104,54,27,,
,25/12/2021,06:57:09,0,0,53,63,102,50,26,,
,27/11/2021,07:57:09,0,0,47,54,102,55,33,,
,05/11/2021,08:57:09,0,0,40,49,101,51,11,,
,05/06/2021,09:57:09,0,0,48,56,101,51,11,,
,20/08/2021,10:57:09,0,0,42,46,102,50,34,,
,25/05/2021,11:57:09,0,0,40,48,105,51,8,,
,12/12/2021,12:57:09,0,0,41,52,103,52,19,,
,10/04/2021,13:57:09,0,0,40,56,101,51,17,,
,26/02/2021,14:57:09,0,0,48,63,102,56,32,,
,06/04/2021,15:57:09,0,0,42,56,103,54,23,,
,26/10/2021,16:57:09,0,0,50,48,105,53,29,,
,20/07/2021,17:57:09,0,0,54,45,104,54,17,,
,28/12/2021,18:57:09,0,0,47,56,103,51,11,,
,22/11/2021,19:57:09,0,0,45,60,102,52,15,,
,22/02/2021,20:57:09,0,0,54,42,101,50,35,,
,12/02/2021,21:57:09,0,0,40,54,100,51,11,,
,16/09/2021,22:57:09,0,0,42,49,100,53,27,,
,08/10/2021,23:57:09,0,0,43,47,100,54,28,,
,11/03/2021,00:57:09,0,0,54,41,103,52,17,,
,23/05/2021,01:57:09,0,0,46,62,102,55,14,,
,06/02/2021,02:57:09,0,0,43,54,103,51,11,,
,14/06/2021,03:57:09,0,0,44,54,103,54,9,,
,29/05/2021,04:57:09,0,0,54,45,104,51,9,,
,06/04/2021,05:57:09,0,0,52,63,101,51,24,,
,30/08/2021,06:57:09,0,0,53,55,102,56,34,,
,17/09/2021,07:57:09,0,0,53,58,103,53,34,,
,05/12/2021,08:57:09,0,0,43,53,105,50,35,,
,09/01/2021,09:57:09,0,0,41,47,105,55,28,,
,05/05/2021,10:57:09,0,0,48,44,100,50,34,,
,14/10/2021,11:57:09,0,0,48,57,101,56,26,,
,06/01/2021,12:57:09,0,0,45,59,102,52,12,,
,28/09/2021,13:57:09,0,0,48,63,105,51,26,,
,23/10/2021,14:57:09,0,0,53,50,103,53,14,,
,20/06/2021,15:57:09,0,0,48,57,101,52,19,,
,17/05/2021,16:57:09,0,0,49,48,101,50,12,,
,05/04/2021,17:57:09,0,0,45,55,103,53,27,,
,13/09/2021,18:57:09,0,0,53,51,101,56,30,,
,19/05/2021,19:57:09,0,0,44,52,104,53,8,,
,27/06/2021,20:57:09,0,0,50,55,103,56,14,,
,04/11/2021,21:57:09,0,0,53,59,101,55,35,,
,08/05/2021,22:57:09,0,0,46,53,101,53,13,,
,27/06/2021,23:57:09,0,0,46,56,105,54,22,,
,22/01/2021,00:57:09,0,0,50,45,100,55,33,,
,20/09/2021,01:57:09,0,0,53,62,100,56,9,,
,20/05/2021,02:57:09,0,0,48,46,102,55,22,,
,23/05/2021,03:57:09,0,0,41,45,102,52,32,,
,06/01/2021,04:57:09,0,0,47,53,102,56,22,,
,20/02/2021,05:57:09,0,0,46,55,105,53,9,,
,10/05/2021,06:57:09,0,0,41,61,101,55,17,,
,03/09/2021,07:57:09,0,0,50,57,101,50,21,,
,12/05/2021,08:57:09,0,0,39,59,103,54,21,,
,04/10/2021,09:57:09,0,0,46,47,101,56,17,,
,22/12/2021,10:57:09,0,0,40,40,104,50,23,,
,26/04/2021,11:57:09,0,0,54,55,103,54,19,,
,20/11/2021,12:57:09,0,0,47,57,100,51,27,,
,13/11/2021,13:57:09,0,0,48,56,101,56,32,,
,04/05/2021,14:57:09,0,0,40,40,100,51,12,,
,17/04/2021,15:57:09,0,0,48,64,105,51,33,,
,08/01/2021,16:57:09,0,0,53,63,100,56,10,,
,21/03/2021,17:57:09,0,0,52,49,101,55,20,,
,22/09/2021,18:57:09,0,0,54,49,104,53,25,,
,15/03/2021,19:57:09,0,0,50,59,104,50,22,,
,11/09/2021,20:57:09,0,0,40,52,102,51,18,,
,30/09/2021,21:57:09,0,0,53,60,101,55,20,,
,20/04/2021,22:57:09,0,0,43,46,101,51,8,,
,02/10/2021,23:57:09,0,0,41,40,105,53,26,,
,07/07/2021,00:57:09,0,0,39,50,104,54,8,,
,25/06/2021,01:57:09,0,0,51,56,101,55,17,,
,17/07/2021,02:57:09,0,0,41,58,103,50,25,,
,05/08/2021,03:57:09,0,0,49,62,103,51,24,,
,03/04/2021,04:57:09,0,0,53,59,104,50,11,,
,03/03/2021,05:57:09,0,0,41,43,100,50,25,,
,08/01/2021,06:57:09,0,0,45,40,101,56,15,,
,22/12/2021,07:57:09,0,0,45,55,102,51,20,,
,10/01/2021,08:57:09,0,0,52,56,100,51,35,,
,01/09/2021,09:57:09,0,0,48,45,100,54,35,,
,17/02/2021,10:57:09,0,0,44,64,100,54,23,,
,19/12/2021,11:57:09,0,0,45,51,102,52,20,,
,28/03/2021,12:57:09,0,0,54,41,104,55,35,,
,23/03/2021,13:57:09,0,0,39,46,100,50,9,,
,16/04/2021,14:57:09,0,0,54,63,100,51,19,,
,01/05/2021,15:57:09,0,0,53,53,100,55,34,,
,21/10/2021,16:57:09,0,0,47,48,104,56,15,,
,01/11/2021,17:57:09,0,0,46,56,101,53,16,,
,07/06/2021,18:57:09,0,0,55,46,103,55,19,,
,04/02/2021,19:57:09,0,0,46,60,103,52,21,,
,04/08/2021,20:57:09,0,0,55,43,100,56,15,,
,14/03/2021,21:57:09,0,0,50,54,100,56,13,,
,11/12/2021,22:57:09,0,0,39,60,101,52,31,,
,23/10/2021,23:57:09,0,0,46,51,104,54,8,,
,05/02/2021,00:57:09,0,0,39,61,100,55,28,,
,04/10/2021,01:57:09,0,0,45,55,102,55,11,,
,31/05/2021,02:57:09,0,0,41,55,104,55,11,,
,13/01/2021,03:57:09,0,0,43,52,102,51,15,,
,23/12/2021,04:57:09,0,0,41,45,101,50,22,,
,24/11/2021,05:57:09,0,0,53,40,101,51,19,,
,24/08/2021,06:57:09,0,0,47,41,105,55,35,,
,18/08/2021,07:57:09,0,0,45,43,100,50,16,,
,20/09/2021,08:57:09,0,0,52,53,103,50,26,,
,30/06/2021,09:57:09,0,0,44,56,104,53,13,,
,09/10/2021,10:57:09,0,0,42,60,100,56,32,,
,10/02/2021,11:57:09,0,0,40,47,105,55,17,,
,26/10/2021,12:57:09,0,0,41,52,104,53,29,,
,31/07/2021,13:57:09,0,0,42,40,100,55,11,,
,14/12/2021,14:57:09,0,0,44,61,103,53,10,,
,09/04/2021,15:57:09,0,0,39,64,102,56,14,,
,06/07/2021,16:57:09,0,0,46,54,100,55,26,,
,22/01/2021,17:57:09,0,0,45,62,105,56,17,,
,28/09/2021,18:57:09,0,0,55,40,103,53,12,,
,10/08/2021,19:57:09,0,0,55,47,104,53,28,,
,11/12/2021,20:57:09,0,0,46,56,102,55,11,,
,11/02/2021,21:57:09,0,0,42,50,101,56,14,,
,06/03/2021,22:57:09,0,0,43,41,102,53,26,,
,01/10/2021,23:57:09,0,0,39,40,104,54,28,,
,22/12/2021,00:57:09,0,0,39,43,105,56,30,,
,06/02/2021,01:57:09,0,0,44,45,104,56,13,,
,05/05/2021,02:57:09,0,0,43,58,104,55,17,,
,26/12/2021,03:57:09,0,0,41,55,105,56,33,,
,08/09/2021,04:57:09,0,0,39,47,100,52,34,,
,22/12/2021,05:57:09,0,0,51,51,100,56,34,,
,03/03/2021,06:57:09,0,0,52,60,101,51,9,,
,16/12/2021,07:57:09,0,0,48,58,101,53,19,,
,14/04/2021,08:57:09,0,0,39,44,105,56,9,,
,01/05/2021,09:57:09,0,0,47,48,103,50,12,,
,30/12/2021,10:57:09,0,0,50,59,100,52,33,,
,10/04/2021,11:57:09,0,0,45,47,102,55,23,,
,23/12/2021,12:57:09,0,0,51,56,104,50,34,,
,10/02/2021,13:57:09,0,0,48,57,102,51,25,,
,30/06/2021,14:57:09,0,0,53,45,105,51,18,,
,03/07/2021,15:57:09,0,0,39,50,102,51,18,,
,29/07/2021,16:57:09,0,0,53,45,105,51,30,,
,05/12/2021,17:57:09,0,0,49,43,104,55,12,,
,25/05/2021,18:57:09,0,0,42,41,100,54,10,,
,06/01/2021,19:57:09,0,0,42,48,104,51,14,,
,22/01/2021,20:57:09,0,0,50,54,104,54,32,,
,21/07/2021,21:57:09,0,0,41,54,103,52,13,,
,30/01/2021,22:57:09,0,0,46,64,105,54,30,,
,03/05/2021,23:57:09,0,0,39,62,103,50,25,,
,13/08/2021,00:57:09,0,0,40,58,102,52,33,,
,05/06/2021,01:57:09,0,0,43,48,102,56,25,,
,10/11/2021,02:57:09,0,0,54,48,101,53,13,,
,13/12/2021,03:57:09,0,0,46,55,101,55,20,,
,16/07/2021,04:57:09,0,0,44,63,101,51,20,,
,27/08/2021,05:57:09,0,0,44,54,103,51,17,,
,08/06/2021,06:57:09,0,0,41,55,101,52,17,,
,30/08/2021,07:57:09,0,0,39,40,100,50,14,,
,31/03/2021,08:57:09,0,0,43,46,100,54,24,,
,17/09/2021,09:57:09,0,0,47,48,105,55,29,,
,15/12/2021,10:57:09,0,0,44,50,105,54,27,,
,13/01/2021,11:57:09,0,0,51,61,104,54,25,,
,10/01/2021,12:57:09,0,0,45,56,104,50,9,,
,10/02/2021,13:57:09,0,0,51,45,103,54,18,,
,29/06/2021,14:57:09,0,0,55,44,101,54,21,,
,29/12/2021,15:57:09,0,0,48,51,102,55,9,,
,15/04/2021,16:57:09,0,0,42,60,103,56,33,,
,18/01/2021,17:57:09,0,0,50,47,102,56,8,,
,18/07/2021,18:57:09,0,0,52,52,102,53,23,,
,20/11/2021,19:57:09,0,0,40,46,104,52,8,,
,18/02/2021,20:57:09,0,0,47,55,100,53,19,,
,14/10/2021,21:57:09,0,0,45,46,103,56,21,,
,03/09/2021,22:57:09,0,0,54,64,104,51,32,,
,03/01/2021,23:57:09,0,0,45,57,100,52,17,,
,16/11/2021,00:57:09,0,0,40,52,103,54,34,,
,13/04/2021,01:57:09,0,0,40,51,103,52,25,,
,01/08/2021,02:57:09,0,0,44,60,100,56,9,,
,11/04/2021,03:57:09,0,0,41,63,105,50,14,,
,09/12/2021,04:57:09,0,0,54,61,102,53,22,,
,22/04/2021,05:57:09,0,0,41,40,104,56,20,,
,25/12/2021,06:57:09,0,0,46,47,104,52,13,,
,25/11/2021,07:57:09,0,0,53,47,101,54,8,,
,26/02/2021,08:57:09,0,0,47,48,102,56,25,,
,23/04/2021,09:57:09,0,0,49,50,100,56,17,,
,21/08/2021,10:57:09,0,0,45,61,100,52,9,,
,05/01/2021,11:57:09,0,0,46,61,103,50,13,,
,05/11/2021,12:57:09,0,0,39,53,101,50,11,,
,21/01/2021,13:57:09,0,0,49,45,102,52,21,,
,15/12/2021,14:57:09,0,0,51,50,103,53,32,,
,17/03/2021,15:57:09,0,0,52,50,104,52,23,,
,03/11/2021,16:57:09,0,0,55,42,104,55,26,,
,25/01/2021,17:57:09,0,0,52,61,103,50,22,,
,14/07/2021,18:57:09,0,0,42,54,102,55,28,,
,22/10/2021,19:57:09,0,0,47,47,104,51,30,,
,22/06/2021,20:57:09,0,0,51,40,104,55,8,,
,16/07/2021,21:57:09,0,0,48,63,100,55,26,,
,03/07/2021,22:57:09,0,0,51,47,105,56,14,,
,22/09/2021,23:57:09,0,0,47,62,105,50,17,,
,30/05/2021,00:57:09,0,0,42,59,103,55,28,,
,20/11/2021,01:57:09,0,0,41,49,105,53,13,,
,20/11/2021,02:57:09,0,0,46,40,104,53,35,,
,10/07/2021,03:57:09,0,0,50,52,100,55,12,,
,17/01/2021,04:57:09,0,0,39,51,101,54,32,,
,20/05/2021,05:57:09,0,0,49,64,105,55,18,,
,29/07/2021,06:57:09,0,0,49,49,100,54,29,,
,08/03/2021,07:57:09,0,0,47,58,103,51,18,,
,21/03/2021,08:57:09,0,0,41,53,105,50,25,,
,03/02/2021,09:57:09,0,0,54,62,100,54,34,,
,05/11/2021,10:57:09,0,0,44,62,105,55,9,,
,16/06/2021,11:57:09,0,0,54,48,105,52,32,,
,30/10/2021,12:57:09,0,0,42,55,103,53,16,,
,14/08/2021,13:57:09,0,0,46,46,104,50,19,,
,06/07/2021,14:57:09,0,0,41,42,103,52,28,,
,24/04/2021,15:57:09,0,0,52,62,102,52,14,,
,13/04/2021,16:57:09,0,0,54,54,104,50,8,,
,30/09/2021,17:57:09,0,0,49,62,103,54,26,,
,03/01/2021,18:57:09,0,0,51,52,104,51,33,,
,23/10/2021,19:57:09,0,0,47,44,105,50,23,,
,17/09/2021,20:57:09,0,0,43,51,100,50,21,,
,04/01/2021,21:57:09,0,0,48,43,102,50,11,,
,12/05/2021,22:57:09,0,0,53,55,100,51,28,,
,10/07/2021,23:57:09,0,0,53,44,103,53,12,,
,04/12/2021,00:57:09,0,0,44,47,104,51,31,,
,09/11/2021,01:57:09,0,0,49,44,100,50,22,,
,14/01/2021,02:57:09,0,0,46,55,104,55,17,,
,16/03/2021,03:57:09,0,0,52,62,100,56,17,,
,07/04/2021,04:57:09,0,0,43,42,102,51,13,,
,26/10/2021,05:57:09,0,0,54,41,102,53,24,,
,16/03/2021,06:57:09,0,0,43,53,101,54,21,,
,19/02/2021,07:57:09,0,0,51,43,105,51,28,,
,16/10/2021,08:57:09,0,0,45,52,100,50,11,,
,03/12/2021,09:57:09,0,0,54,41,103,53,11,,
,15/09/2021,10:57:09,0,0,52,42,102,55,13,,
,03/02/2021,11:57:09,0,0,39,41,103,54,18,,
,22/02/2021,12:57:09,0,0,47,52,103,50,21,,
,02/07/2021,13:57:09,0,0,53,41,103,55,19,,
,30/07/2021,14:57:09,0,0,48,46,104,55,21,,
,27/10/2021,15:57:09,0,0,44,41,104,54,26,,
,12/02/2021,16:57:09,0,0,45,51,105,56,34,,
,25/09/2021,17:57:09,0,0,49,61,102,54,35,,
,05/10/2021,18:57:09,0,0,39,55,102,54,15,,
,26/09/2021,19:57:09,0,0,42,50,101,56,29,,
,04/03/2021,20:57:09,0,0,55,48,101,50,33,,
,07/02/2021,21:57:09,0,0,53,48,105,51,16,,
,05/12/2021,22:57:09,0,0,46,52,102,56,27,,
,01/01/2021,23:57:09,0,0,53,43,100,51,28,,
,29/12/2021,00:57:09,0,0,49,56,101,53,32,,
,08/06/2021,01:57:09,0,0,53,53,105,50,20,,
,28/03/2021,02:57:09,0,0,45,54,105,56,17,,
,23/06/2021,03:57:09,0,0,42,40,101,53,30,,
,02/06/2021,04:57:09,0,0,40,44,104,55,10,,
,06/11/2021,05:57:09,0,0,41,43,101,54,11,,
,05/09/2021,06:57:09,0,0,52,43,100,55,14,,
,25/06/2021,07:57:09,0,0,55,59,102,56,18,,
,28/10/2021,08:57:09,0,0,50,57,105,51,18,,
,03/09/2021,09:57:09,0,0,54,46,102,55,18,,
,20/10/2021,10:57:09,0,0,41,55,102,53,10,,
,12/11/2021,11:57:09,0,0,49,42,103,50,34,,
,12/12/2021,12:57:09,0,0,48,49,100,54,15,,
,22/09/2021,13:57:09,0,0,43,47,100,52,12,,
,25/03/2021,14:57:09,0,0,42,55,105,56,11,,
,16/07/2021,15:57:09,0,0,48,53,103,56,20,,
,12/09/2021,16:57:09,0,0,44,43,105,53,20,,
,02/01/2021,17:57:09,0,0,46,59,102,53,30,,
,08/07/2021,18:57:09,0,0,42,42,101,51,35,,
,04/03/2021,19:57:09,0,0,45,62,102,54,8,,
,04/08/2021,20:57:09,0,0,54,49,100,54,27,,
,15/04/2021,21:57:09,0,0,43,58,105,52,15,,
,24/05/2021,22:57:09,0,0,42,40,101,50,31,,
,24/12/2021,23:57:09,0,0,55,60,102,56,30,,
,24/09/2021,00:57:09,0,0,52,60,100,53,28,,
,02/09/2021,01:57:09,0,0,44,58,100,50,19,,
,30/04/2021,02:57:09,0,0,49,55,105,55,33,,
,04/11/2021,03:57:09,0,0,48,53,101,50,13,,
,20/09/2021,04:57:09,0,0,53,48,103,56,20,,
,24/07/2021,05:57:09,0,0,46,50,102,53,12,,
,10/05/2021,06:57:09,0,0,45,43,104,56,31,,
,21/06/2021,07:57:09,0,0,52,52,101,52,34,,
,18/06/2021,08:57:09,0,0,47,58,100,54,26,,
,14/02/2021,09:57:09,0,0,41,64,104,54,23,,
,10/10/2021,10:57:09,0,0,50,64,102,50,9,,
,09/11/2021,11:57:09,0,0,42,61,105,56,15,,
,30/09/2021,12:57:09,0,0,41,52,101,51,11,,
,12/04/2021,13:57:09,0,0,42,59,100,54,18,,
,02/10/2021,14:57:09,0,0,54,63,104,52,30,,
,09/08/2021,15:57:09,0,0,48,42,105,51,22,,
,26/07/2021,16:57:09,0,0,53,43,102,54,25,,
,31/08/2021,17:57:09,0,0,43,64,101,50,22,,
,13/03/2021,18:57:09,0,0,39,41,102,51,28,,
,24/04/2021,19:57:09,0,0,41,48,103,50,30,,
,10/04/2021,20:57:09,0,0,55,46,101,53,24,,
,07/03/2021,21:57:09,0,0,55,59,101,55,31,,
,09/11/2021,22:57:09,0,0,52,43,105,52,25,,
,14/03/2021,23:57:09,0,0,43,51,101,56,14,,
,21/04/2021,00:57:09,0,0,46,46,101,50,11,,
,01/08/2021,01:57:09,0,0,48,40,103,52,11,,
,31/07/2021,02:57:09,0,0,53,48,102,50,19,,
,22/07/2021,03:57:09,0,0,48,57,100,53,29,,
,09/11/2021,04:57:09,0,0,54,41,104,50,18,,
,24/08/2021,05:57:09,0,0,51,44,102,56,19,,
,20/09/2021,06:57:09,0,0,49,58,103,55,10,,
,12/08/2021,07:57:09,0,0,49,58,101,53,19,,
,15/03/2021,08:57:09,0,0,48,47,101,55,27,,
,27/04/2021,09:57:09,0,0,52,64,101,54,30,,
,19/07/2021,10:57:09,0,0,42,46,100,55,16,,
,07/11/2021,11:57:09,0,0,48,41,100,53,10,,
,29/01/2021,12:57:09,0,0,39,55,102,56,15,,
,04/05/2021,13:57:09,0,0,47,50,100,50,26,,
,01/03/2021,14:57:09,0,0,43,61,101,56,9,,
,14/11/2021,15:57:09,0,0,53,64,100,50,14,,
,26/08/2021,16:57:09,0,0,42,50,104,50,16,,
,02/02/2021,17:57:09,0,0,50,53,102,51,22,,
,22/10/2021,18:57:09,0,0,52,42,104,53,16,,
,27/02/2021,19:57:09,0,0,55,45,105,51,8,,
,18/10/2021,20:57:09,0,0,49,46,105,52,16,,
,21/02/2021,21:57:09,0,0,39,64,103,54,26,,
,18/02/2021,22:57:09,0,0,50,40,101,54,23,,
,11/03/2021,23:57:09,0,0,41,46,104,51,11,,
,29/03/2021,00:57:09,0,0,50,63,101,53,18,,
,18/01/2021,01:57:09,0,0,50,44,105,54,31,,
,19/08/2021,02:57:09,0,0,55,41,104,56,10,,
,05/02/2021,03:57:09,0,0,42,58,102,50,13,,
,03/08/2021,04:57:09,0,0,39,49,105,55,31,,
,09/03/2021,05:57:09,0,0,54,43,101,53,20,,
,22/06/2021,06:57:09,0,0,43,60,102,51,10,,
,10/03/2021,07:57:09,0,0,48,46,104,54,28,,
,09/06/2021,08:57:09,0,0,51,49,100,50,11,,
,14/06/2021,09:57:09,0,0,39,45,105,51,18,,
,11/03/2021,10:57:09,0,0,46,55,102,52,24,,
,23/04/2021,11:57:09,0,0,44,57,102,50,22,,
,20/08/2021,12:57:09,0,0,48,60,101,51,8,,
,05/09/2021,13:57:09,0,0,43,52,104,52,14,,
,20/11/2021,14:57:09,0,0,52,51,104,56,31,,
,09/01/2021,15:57:09,0,0,46,54,103,51,25,,
,29/04/2021,16:57:09,0,0,41,44,105,51,25,,
,26/02/2021,17:57:09,0,0,45,57,102,55,22,,
,29/01/2021,18:57:09,0,0,44,52,100,51,10,,
,25/02/2021,19:57:09,0,0,46,41,102,55,9,,
,24/12/2021,20:57:09,0,0,41,56,105,52,8,,
,18/07/2021,21:57:09,0,0,47,45,101,56,14,,
,27/10/2021,22:57:09,0,0,42,43,100,50,33,,
,22/03/2021,23:57:09,0,0,45,58,101,55,33,,
,26/07/2021,00:57:09,0,0,45,61,101,50,34,,
,09/02/2021,01:57:09,0,0,55,43,104,50,21,,
,25/09/2021,02:57:09,0,0,54,48,103,50,33,,
,02/05/2021,03:57:09,0,0,45,42,104,52,22,,
,11/09/2021,04:57:09,0,0,44,43,102,55,16,,
,18/10/2021,05:57:09,0,0,45,45,103,53,28,,
,03/07/2021,06:57:09,0,0,54,56,105,50,27,,
,01/06/2021,07:57:09,0,0,53,58,104,56,18,,
,09/07/2021,08:57:09,0,0,52,48,105,56,30,,
,24/05/2021,09:57:09,0,0,39,64,100,56,28,,
,20/07/2021,10:57:09,0,0,48,61,105,53,15,,
,08/08/2021,11:57:09,0,0,53,61,102,51,21,,
,09/04/2021,12:57:09,0,0,55,40,105,54,34,,
,04/10/2021,13:57:09,0,0,40,41,101,53,12,,
,07/08/2021,14:57:09,0,0,44,63,102,52,12,,
,04/09/2021,15:57:09,0,0,41,56,103,53,23,,
,27/10/2021,16:57:09,0,0,50,46,101,53,9,,
,20/10/2021,17:57:09,0,0,51,59,103,52,9,,
,16/02/2021,18:57:09,0,0,53,49,105,50,35,,
,15/09/2021,19:57:09,0,0,52,45,101,56,28,,
,24/05/2021,20:57:09,0,0,53,43,100,51,31,,
,10/07/2021,21:57:09,0,0,50,40,100,53,21,,
,09/04/2021,22:57:09,0,0,52,42,101,53,35,,
,24/04/2021,23:57:09,0,0,48,43,101,52,25,,
,19/03/2021,00:57:09,0,0,54,62,104,51,30,,
,01/08/2021,01:57:09,0,0,45,56,101,56,21,,
,16/04/2021,02:57:09,0,0,42,51,105,52,32,,
,13/12/2021,03:57:09,0,0,41,52,103,51,22,,
,02/05/2021,04:57:09,0,0,49,43,100,50,16,,
,23/03/2021,05:57:09,0,0,49,62,105,50,12,,
,06/02/2021,06:57:09,0,0,40,45,105,52,20,,
,06/11/2021,07:57:09,0,0,44,58,102,51,34,,
,10/03/2021,08:57:09,0,0,45,64,105,55,26,,
,18/04/2021,09:57:09,0,0,49,57,104,50,21,,
,04/02/2021,10:57:09,0,0,39,56,102,56,28,,
,29/01/2021,11:57:09,0,0,55,64,102,51,27,,
,24/04/2021,12:57:09,0,0,50,44,101,51,11,,
,27/08/2021,13:57:09,0,0,50,61,103,53,35,,
,11/09/2021,14:57:09,0,0,55,63,103,55,15,,
,24/05/2021,15:57:09,0,0,44,53,102,55,9,,
,12/09/2021,16:57:09,0,0,43,48,102,54,14,,
,06/09/2021,17:57:09,0,0,42,49,100,55,14,,
,13/09/2021,18:57:09,0,0,43,48,100,51,14,,
,31/05/2021,19:57:09,0,0,46,45,103,51,10,,
,19/07/2021,20:57:09,0,0,54,42,104,51,15,,
,28/01/2021,21:57:09,0,0,51,59,103,56,13,,
,04/03/2021,22:57:09,0,0,55,47,104,52,19,,
,31/12/2021,23:57:09,0,0,39,59,105,51,13,,
,28/08/2021,00:57:09,0,0,39,62,104,52,35,,
,09/04/2021,01:57:09,0,0,52,64,100,55,22,,
,08/01/2021,02:57:09,0,0,40,45,105,51,10,,
,24/08/2021,03:57:09,0,0,44,50,100,53,9,,
,14/06/2021,04:57:09,0,0,51,49,101,56,32,,
,02/11/2021,05:57:09,0,0,40,57,104,54,31,,
,22/09/2021,06:57:09,0,0,50,56,101,53,10,,
,04/12/2021,07:57:09,0,0,41,55,101,56,14,,
,05/06/2021,08:57:09,0,0,54,57,105,50,14,,
,14/02/2021,09:57:09,0,0,51,45,105,53,21,,
,20/06/2021,10:57:09,0,0,44,51,103,51,21,,
,31/08/2021,11:57:09,0,0,43,59,100,56,8,,
,30/12/2021,12:57:09,0,0,42,61,104,55,32,,
,29/08/2021,13:57:09,0,0,55,45,102,53,20,,
,06/05/2021,14:57:09,0,0,39,63,103,50,24,,
,19/05/2021,15:57:09,0,0,39,60,104,56,30,,
,12/09/2021,16:57:09,0,0,54,58,104,51,22,,
,12/12/2021,17:57:09,0,0,40,46,103,52,17,,
,29/06/2021,18:57:09,0,0,44,44,101,53,28,,
,09/08/2021,19:57:09,0,0,53,63,101,51,35,,
,18/10/2021,20:57:09,0,0,39,44,102,53,22,,
,04/05/2021,21:57:09,0,0,46,47,105,52,21,,
,02/03/2021,22:57:09,0,0,52,49,100,56,33,,
,02/05/2021,23:57:09,0,0,53,54,104,56,19,,
,30/09/2021,00:57:09,0,0,50,48,101,54,35,,
,14/08/2021,01:57:09,0,0,43,59,104,55,15,,
,29/06/2021,02:57:09,0,0,52,49,102,55,9,,
,05/03/2021,03:57:09,0,0,54,47,101,53,14,,
,05/02/2021,04:57:09,0,0,52,41,104,53,8,,
,30/01/2021,05:57:09,0,0,47,63,104,52,34,,
,07/06/2021,06:57:09,0,0,48,43,104,55,21,,
,16/01/2021,07:57:09,0,0,52,50,105,52,30,,
,25/09/2021,08:57:09,0,0,43,60,101,52,32,,
,29/08/2021,09:57:09,0,0,40,50,100,53,32,,
,01/06/2021,10:57:09,0,0,40,43,102,50,21,,
,26/06/2021,11:57:09,0,0,50,64,104,52,28,,
,30/04/2021,12:57:09,0,0,44,63,105,51,28,,
,23/06/2021,13:57:09,0,0,46,50,104,50,31,,
,22/12/2021,14:57:09,0,0,51,47,105,56,15,,
,03/10/2021,15:57:09,0,0,41,53,102,50,17,,
,13/08/2021,16:57:09,0,0,55,60,100,56,12,,
,22/07/2021,17:57:09,0,0,50,42,102,52,15,,
,26/07/2021,18:57:09,0,0,46,51,100,56,31,,
,02/08/2021,19:57:09,0,0,40,50,103,53,25,,
,22/12/2021,20:57:09,0,0,51,51,100,52,34,,
,02/08/2021,21:57:09,0,0,47,49,100,54,16,,
,16/03/2021,22:57:09,0,0,55,59,104,56,17,,
,24/02/2021,23:57:09,0,0,54,62,100,56,12,,
,21/08/2021,00:57:09,0,0,55,48,102,50,29,,
,26/05/2021,01:57:09,0,0,42,63,100,56,26,,
,04/07/2021,02:57:09,0,0,52,57,104,54,25,,
,17/04/2021,03:57:09,0,0,41,63,105,52,10,,
,17/07/2021,04:57:09,0,0,43,44,104,53,12,,
,15/09/2021,05:57:09,0,0,44,60,105,56,31,,
,08/06/2021,06:57:09,0,0,51,64,105,56,18,,
,05/11/2021,07:57:09,0,0,45,59,102,52,8,,
,01/01/2021,08:57:09,0,0,54,55,101,52,31,,
,18/02/2021,09:57:09,0,0,44,45,103,51,17,,
,14/01/2021,10:57:09,0,0,39,54,105,55,16,,
,20/10/2021,11:57:09,0,0,45,54,102,50,30,,
,21/08/2021,12:57:09,0,0,55,57,103,55,18,,
,04/01/2021,13:57:09,0,0,50,42,102,54,9,,
,31/10/2021,14:57:09,0,0,47,46,104,53,22,,
,03/08/2021,15:57:09,0,0,39,50,100,52,15,,
,18/02/2021,16:57:09,0,0,48,64,103,53,12,,
,23/07/2021,17:57:09,0,0,40,54,103,56,21,,
,03/02/2021,18:57:09,0,0,42,57,105,50,11,,
,17/12/2021,19:57:09,0,0,52,58,104,52,10,,
,30/08/2021,20:57:09,0,0,47,49,103,55,24,,
,07/05/2021,21:57:09,0,0,52,41,103,56,32,,
,13/05/2021,22:57:09,0,0,44,55,105,53,34,,
,11/07/2021,23:57:09,0,0,49,46,104,53,29,,
,22/07/2021,00:57:09,0,0,44,61,104,55,35,,
,01/04/2021,01:57:09,0,0,51,63,101,53,15,,
,06/04/2021,02:57:09,0,0,46,40,104,56,29,,
,11/08/2021,03:57:09,0,0,41,51,105,53,14,,
,02/08/2021,04:57:09,0,0,46,44,101,56,33,,
,05/09/2021,05:57:09,0,0,54,58,101,51,27,,
,05/05/2021,06:57:09,0,0,44,40,100,56,35,,
,11/09/2021,07:57:09,0,0,50,44,104,56,18,,
,12/01/2021,08:57:09,0,0,52,49,100,56,18,,
,24/08/2021,09:57:09,0,0,52,58,101,51,28,,
,30/07/2021,10:57:09,0,0,46,53,104,54,20,,
,15/11/2021,11:57:09,0,0,45,53,101,55,14,,
,03/08/2021,12:57:09,0,0,45,60,101,56,16,,
,24/09/2021,13:57:09,0,0,45,41,105,50,17,,
,04/11/2021,14:57:09,0,0,53,55,104,50,15,,
,18/04/2021,15:57:09,0,0,53,54,102,51,29,,
,03/11/2021,16:57:09,0,0,47,43,103,51,29,,
,11/07/2021,17:57:09,0,0,48,52,105,55,30,,
,04/01/2021,18:57:09,0,0,52,40,104,55,12,,
,11/04/2021,19:57:09,0,0,53,59,101,54,23,,
,10/04/2021,20:57:09,0,0,44,53,100,51,26,,
,02/10/2021,21:57:09,0,0,47,55,101,56,21,,
,22/03/2021,22:57:09,0,0,41,47,101,54,12,,
,10/10/2021,23:57:09,0,0,45,59,100,51,33,,
,17/04/2021,00:57:09,0,0,46,40,105,50,26,,
,01/10/2021,01:57:09,0,0,46,58,101,53,24,,
,25/02/2021,02:57:09,0,0,53,56,100,54,28,,
,16/09/2021,03:57:09,0,0,45,46,102,56,28,,
,09/02/2021,04:57:09,0,0,49,51,100,51,11,,
,16/11/2021,05:57:09,0,0,47,58,102,50,10,,
,28/02/2021,06:57:09,0,0,40,58,103,53,30,,
,23/12/2021,07:57:09,0,0,39,43,103,54,18,,
,03/03/2021,08:57:09,0,0,51,64,101,52,35,,
,25/01/2021,09:57:09,0,0,51,58,101,51,31,,
,31/08/2021,10:57:09,0,0,39,62,104,53,26,,
,03/04/2021,11:57:09,0,0,45,64,103,55,28,,
,21/09/2021,12:57:09,0,0,48,62,105,54,9,,
,06/12/2021,13:57:09,0,0,42,59,105,50,28,,
,17/04/2021,14:57:09,0,0,39,48,100,53,22,,
,07/12/2021,15:57:09,0,0,39,56,104,53,24,,
,15/03/2021,16:57:09,0,0,52,53,100,51,23,,
,01/04/2021,17:57:09,0,0,48,62,103,56,29,,
,13/09/2021,18:57:09,0,0,39,43,100,51,31,,
,05/10/2021,19:57:09,0,0,45,61,105,54,17,,
,27/02/2021,20:57:09,0,0,44,43,105,53,16,,
,05/03/2021,21:57:09,0,0,51,52,102,54,27,,
,25/02/2021,22:57:09,0,0,46,62,100,53,19,,
,16/09/2021,23:57:09,0,0,41,48,101,51,33,,
,03/02/2021,00:57:09,0,0,43,64,105,50,28,,
,11/05/2021,01:57:09,0,0,47,64,105,54,21,,
,10/06/2021,02:57:09,0,0,51,54,102,52,29,,
,16/10/2021,03:57:09,0,0,42,53,101,50,20,,
,21/11/2021,04:57:09,0,0,53,62,104,52,31,,
,27/12/2021,05:57:09,0,0,54,49,103,53,18,,
,25/07/2021,06:57:09,0,0,50,55,103,52,20,,
,21/08/2021,07:57:09,0,0,47,43,104,56,33,,
,28/11/2021,08:57:09,0,0,47,49,101,56,21,,
,28/01/2021,09:57:09,0,0,40,47,104,55,14,,
,11/04/2021,10:57:09,0,0,42,43,103,52,20,,
,13/07/2021,11:57:09,0,0,48,40,100,51,27,,
,11/04/2021,12:57:09,0,0,54,63,101,54,30,,
